Sl_No,Kanoon_id,date
1,42546367,19-Feb-14
2,113843692,17-Sep-14
3,98516246,12-Jun-15
4,23387092,21-Jan-20
5,23896596,07-Oct-16
6,1583921,14-Oct-99
7,27734671,20-Feb-19
8,154136890,18-Mar-13
9,116200927,03-Aug-17
10,117715526,20-Mar-17
11,146026927,
12,185947578,06-Jan-17
13,1917519,25-Jun-10
14,108207894,02-Jun-16
15,187749968,13-Oct-09
16,870983,13-Dec-10
17,79295478,03-Nov-11
18,242440,29-Mar-06
19,2001893,08-May-19
20,163070179,03-Mar-20
21,92561801,28-Feb-13
22,120570797,20-Aug-10
23,70763670,24-Sep-19
24,76058059,23-Sep-14
25,45505109,23-Jul-18
26,21008972,05-Jan-18
27,140824626,26-Mar-14
28,61484320,20-Jul-10
29,187831619,08-Sep-17
30,41995660,28-Nov-13
31,118031429,15-Nov-19
32,1084030,18-Dec-09
33,24787525,04-May-13
34,1649979,18-Nov-98
35,43853821,10-Oct-19
36,20482681,20-Jun-18
37,19776591,22-Aug-19
38,21736149,12-Oct-18
39,96409,21-Mar-02
40,120482,21-Jun-07
41,55126177,04-Jan-16
42,70070354,20-Aug-10
43,1968630,07-Mar-03
44,89991726,03-Sep-13
45,216821,08-Aug-08
46,117033145,17-May-18
47,51921737,19-Dec-17
48,107529377,25-Jan-16
49,194855129,24-May-12
50,124403578,03-Apr-19
51,105066979,20-Nov-13
52,1149168,11-Sep-95
53,1543990,21-Apr-92
54,64137975,15-Oct-14
55,105240281,21-Aug-13
56,25639720,29-May-19
57,124141513,28-Jul-15
58,85464632,29-Sep-16
59,164853676,11-Feb-20
60,129676664,27-Jul-17
61,55023363,15-Nov-17
62,169127234,16-Mar-20
63,97216725,19-Jul-17
64,159228959,09-Jan-14
65,79698950,07-Oct-10
66,421040,02-Feb-96
67,190021084,23-May-18
68,173262,05-Nov-03
69,168703932,12-Dec-11
70,82295646,02-Jul-18
71,105910020,16-Jul-15
72,857060,08-Mar-02
73,90432762,07-Oct-16
74,16039923,20-Aug-10
75,80369484,11-Aug-14
76,144527379,21-Mar-14
77,162646264,11-Jul-13
78,72331749,09-Jul-19
79,96166355,19-Jun-18
80,1762815,18-Feb-10
81,125186774,28-Jun-18
82,91920631,19-Nov-14
83,63804303,02-May-19
84,37450317,07-Sep-18
85,159077688,23-Sep-03
86,125156071,21-Aug-09
87,1510506,21-Jun-01
88,73120700,01-Aug-14
89,95195691,16-Oct-14
90,139742277,09-Aug-12
91,128564,02-Jul-10
92,146513185,17-Jul-14
93,104450191,11-Jul-12
94,96797729,05-Jan-18
95,26365752,12-Sep-18
96,21239474,05-Mar-14
97,535855,13-May-96
98,47534826,09-Jun-20
99,1174254,24-Aug-07
100,159399582,24-Feb-14
101,1339611,24-Nov-10
102,160267893,06-Feb-17
103,58481449,23-Mar-18
104,93988313,25-Apr-11
105,122893566,29-Sep-11
106,9216584,21-Jun-18
107,100723957,27-May-13
108,227552,13-Aug-09
109,136166524,07-Sep-09
110,1818014,13-Feb-96
111,198548095,19-Aug-09
112,56414875,06-Dec-13
113,48669397,04-Apr-19
114,1525204,23-Sep-99
115,33293446,12-Feb-15
116,128797291,03-Oct-19
117,127047960,11-Feb-14
118,35611884,16-Apr-19
119,66484302,10-Mar-15
120,182706644,20-Jul-18
121,132490477,26-Dec-12
122,19901215,30-May-14
123,1150440,29-Jul-11
124,133893329,19-Aug-14
125,81676885,04-Mar-20
126,127534895,11-May-17
127,61298,03-Nov-92
128,165012392,21-Aug-13
129,22980980,15-May-13
130,161076912,20-Mar-17
131,93044271,26-Aug-19
132,119704718,08-Oct-18
133,178549681,17-Jul-13
134,164991925,18-Oct-12
135,27046841,01-Jun-19
136,386955,22-Mar-02
137,750175,19-Feb-07
138,70783547,11-Feb-16
139,188275270,04-Feb-19
140,145100961,12-Mar-14
141,86167060,07-Oct-16
142,151389605,11-Oct-18
143,646392,16-Mar-94
144,107969353,05-Feb-19
145,157373782,29-Sep-16
146,67382646,11-Jan-13
147,70678173,28-Feb-14
148,64939334,15-Jan-20
149,75006721,14-Feb-14
150,99733325,22-Jun-18
151,18254393,09-Jan-17
152,827013,22-Jul-03
153,163715356,09-Aug-18
154,195556693,31-Oct-18
155,150305044,01-Apr-14
156,1128180,26-Sep-06
157,180905761,10-Jan-13
158,151046415,18-Mar-15
159,19549280,26-Mar-19
160,92936764,04-Dec-17
161,131990617,31-May-16
162,101950450,05-Nov-12
163,119805521,
164,126015879,04-Apr-18
165,56593,16-Jan-95
166,1907972,29-Apr-93
167,175363947,17-May-18
168,1632939,18-Sep-08
169,81650435,12-Dec-08
170,124737426,13-Oct-17
171,583128,22-Sep-08
172,23253052,02-Jan-20
173,775636,22-Jul-09
174,331123,24-May-95
175,126151961,18-Dec-18
176,168480452,12-Aug-13
177,1581405,26-Mar-98
178,1934794,19-Dec-00
179,235014,10-Jul-09
180,47025695,16-Mar-17
181,112519771,16-Jun-20
182,1595323,05-Jan-01
183,128521830,13-Feb-19
184,35720780,23-Aug-11
185,172195721,10-Aug-20
186,60768965,11-Sep-14
187,15529380,06-Jan-14
188,154606741,20-Sep-12
189,1868464,30-Jan-01
190,19298759,26-Nov-18
191,45344305,04-Jun-18
192,1028160,29-Nov-06
193,107407377,27-Mar-14
194,1075561,05-Nov-03
195,12023106,08-Jul-19
196,87639955,06-Dec-13
197,158600532,05-Jan-18
198,149119666,11-Sep-18
199,58857389,15-Feb-16
200,280039,04-Nov-04
201,176651544,04-Oct-16
202,195887887,19-Jul-19
203,1486949,20-Dec-86
204,423802,03-Sep-03
205,165474221,
206,74666363,22-Jul-20
207,913822,21-Jan-10
208,47813309,04-Jun-15
209,20899385,15-Oct-15
210,164995008,14-Jul-14
211,95687604,02-Jul-10
212,101044189,07-Jul-14
213,166316998,01-Aug-11
214,15167299,10-May-12
215,1191727,24-Nov-98
216,112226669,18-Jul-05
217,179298563,15-Oct-14
218,171994424,13-Feb-20
219,164503785,21-Jan-15
220,34137883,20-Jul-16
221,60658559,30-Jun-15
222,198796622,09-Aug-17
223,88051096,25-Jul-19
224,889432,29-Feb-00
225,1847340,23-Jun-98
226,94795879,26-Dec-12
227,45475437,28-Jul-16
228,66980342,09-Jan-14
229,180207471,02-May-19
230,65680366,09-Feb-07
231,158129584,19-Mar-14
232,45438381,17-May-16
233,62573966,24-Aug-12
234,1886906,10-Jan-91
235,162203799,22-Sep-17
236,964563,09-Oct-01
237,680752,07-Jan-05
238,1566732,01-Dec-00
239,133059705,14-Feb-20
240,53909573,16-May-19
241,163382410,19-Aug-09
242,51093521,11-Apr-19
243,139415114,17-Oct-19
244,81645720,12-Nov-12
245,79543063,27-Jul-17
246,188488723,21-Aug-13
247,682077,27-Jan-10
248,14637479,05-Jan-18
249,4136884,12-Jun-13
250,167531484,16-Aug-17
251,118065047,17-Sep-15
252,979263,04-Sep-95
253,151983986,04-Feb-20
254,640182,27-Jan-10
255,47816574,26-Apr-18
256,140668345,15-Apr-19
257,131414642,25-Feb-19
258,172748636,10-Jul-13
259,957691,10-Sep-09
260,1430606,08-Nov-95
261,449885,29-Mar-05
262,121069880,14-Aug-18
263,610063,21-Jan-10
264,100356002,18-Mar-13
265,651443,23-Jul-01
266,1235365,10-Sep-96
267,107055943,02-Nov-18
268,48213533,20-Aug-10
269,133637881,04-Sep-14
270,111589,02-Sep-98
271,35576773,20-Aug-10
272,1843908,21-Nov-06
273,6710570,20-Feb-14
274,1245581,28-Sep-95
275,31387551,10-Dec-12
276,143400255,29-Nov-19
277,119606207,19-Feb-15
278,18233028,15-Apr-10
279,677400,12-Dec-01
280,196683627,13-Jul-12
281,1674318,09-Oct-90
282,103494642,23-Aug-18
283,118324694,20-Aug-14
284,196252534,21-Jun-18
285,86009592,24-Apr-19
286,118617098,07-Jul-14
287,438323,31-Aug-01
288,119987529,02-Dec-15
289,1721626,11-Dec-08
290,59838361,13-Feb-12
291,297627,18-Jan-88
292,23009777,12-Feb-14
293,160595444,29-Mar-11
294,71572016,05-Jan-18
295,197796109,26-Dec-12
296,79746653,23-Apr-18
297,185421767,06-Jan-15
298,164750436,01-Dec-17
299,128964315,23-Mar-15
300,152144762,13-Jan-20
301,188559769,16-Nov-04
302,155218083,17-Jul-14
303,74371182,01-Jul-13
304,179824144,06-Jan-20
305,182836628,03-Sep-12
306,181062409,26-Dec-12
307,36741284,10-Nov-17
308,194198660,24-Feb-15
309,520359,18-Mar-96
310,123662446,13-Aug-15
311,101106702,09-Jan-14
312,517328,27-Nov-09
313,64310798,08-Feb-17
314,1453563,13-Jan-95
315,52071794,21-Jun-19
316,66514409,17-Jul-17
317,1646284,09-Jan-91
318,194027290,27-Aug-18
319,14939461,30-May-17
320,101481942,29-Sep-16
321,162947119,29-Sep-16
322,179975435,05-Oct-18
323,764031,27-Jan-99
324,154633090,06-May-15
325,501991,21-Jan-10
326,145021506,22-Apr-14
327,1768891,17-Oct-97
328,174884607,19-Aug-20
329,165677219,26-Dec-12
330,96324706,04-Dec-14
331,177263600,20-Jul-18
332,54199072,26-Dec-12
333,113458461,10-Jul-19
334,106153621,21-Dec-17
335,68184446,23-Dec-19
336,171714790,31-Aug-18
337,14973654,29-Sep-16
338,234175,25-Jul-02
339,104906080,13-Jan-12
340,183207845,08-Apr-16
341,616740,07-Aug-85
342,139508491,14-Jan-15
343,117806098,26-Apr-18
344,1220712,25-Apr-11
345,1657323,27-Jan-95
346,913452,18-Jun-19
347,151188745,07-Jul-14
348,101490786,26-Aug-19
349,111791453,27-Nov-18
350,53265783,15-Nov-17
351,176673205,18-Dec-18
352,91075369,10-Aug-15
353,741052,12-Aug-09
354,145137653,06-Dec-13
355,876164,01-Dec-00
356,117093610,26-Dec-12
357,193248305,04-May-16
358,190928805,10-Apr-19
359,107986850,28-Feb-17
360,16960100,19-Jul-16
361,135587895,24-Jul-14
362,172878911,25-Jan-18
363,190900278,28-May-14
364,83587094,17-Apr-15
365,1238478,20-Jan-09
366,1618147,14-Mar-05
367,1577991,14-Feb-94
368,146891115,06-Mar-19
369,94317693,06-Dec-13
370,719403,11-Jun-90
371,6290637,23-Jul-13
372,105983918,12-Oct-11
373,44090263,26-Dec-12
374,1546635,12-Jan-87
375,116930134,13-Aug-20
376,4899114,12-Jan-16
377,88997599,10-Aug-20
378,147925760,23-Jan-12
379,186791667,04-Jan-19
380,106035302,09-Jul-15
381,116650311,03-Mar-11
382,21592492,09-May-13
383,181718432,22-May-17
384,189912804,02-Dec-16
385,1543623,01-Dec-00
386,53931301,16-Mar-18
387,119657467,19-Jul-16
388,115682942,28-Aug-18
389,23869079,27-Oct-16
390,121077317,22-Apr-14
391,197772474,06-Jan-20
392,69064682,06-Sep-18
393,33460316,08-Jun-18
394,1058766,05-Jan-07
395,171705075,06-Jul-19
396,76637353,05-Dec-17
397,1607205,01-Sep-08
398,153518132,17-Jun-11
399,1032625,10-Apr-07
400,1648401,08-Apr-99
401,87509746,26-Aug-19
402,19063260,20-Aug-10
403,198473287,30-Aug-19
404,142826705,01-Jul-13
405,68036646,01-Aug-11
406,101395842,28-Mar-12
407,139290025,07-Jun-19
408,160934727,20-Jun-16
409,73077916,06-Sep-14
410,63398356,09-Apr-13
411,180734835,04-Jan-16
412,49039158,11-Oct-13
413,1569,30-Jul-09
414,20982084,13-Jul-16
415,1150289,24-Jan-94
416,125798491,01-Mar-13
417,178108048,20-Aug-19
418,90704968,18-Aug-20
419,155329539,31-May-17
420,180993556,11-Nov-13
421,132706439,12-Mar-15
422,75454078,12-Apr-19
423,52604679,21-Apr-14
424,177665833,10-Feb-16
425,60643309,09-May-18
426,10338610,22-Jan-10
427,54993525,17-Nov-14
428,86660742,09-May-13
429,58786397,29-Sep-16
430,1962096,20-Oct-09
431,625077,29-Aug-96
432,62550860,11-Sep-12
433,189834703,18-Feb-13
434,76126349,09-Mar-18
435,153813687,22-Apr-19
436,115294621,13-Sep-17
437,62926902,23-Jul-10
438,472216,04-Jan-08
439,14133251,29-Sep-16
440,519514,02-Jul-97
441,181660787,22-Jul-14
442,78695684,15-Apr-10
443,24040188,17-Apr-17
444,580827,25-Aug-05
445,160136551,12-May-15
446,62863148,26-Apr-13
447,17412822,29-Jul-19
448,150445583,04-Dec-19
449,47008420,20-Sep-16
450,910567,09-Apr-10
451,69601707,20-Oct-09
452,85178995,11-Aug-14
453,998721,18-Apr-96
454,197329301,28-Apr-17
455,140826346,22-Jul-19
456,128043853,26-Sep-18
457,76264550,06-Feb-14
458,15133180,08-Jun-18
459,82427139,24-Oct-13
460,1832962,15-Feb-10
461,977238,09-Feb-07
462,41759597,16-Dec-14
463,25966316,20-Mar-18
464,89086622,05-Jan-18
465,79587908,07-Oct-16
466,194677616,03-Feb-11
467,1387704,15-Sep-92
468,54051940,13-Sep-12
469,175309015,19-Aug-15
470,85817568,30-Jul-18
471,58889970,01-Mar-13
472,29738596,05-Apr-19
473,185663779,16-Jun-20
474,82693444,16-Jun-14
475,168610061,30-Sep-16
476,618771,02-May-91
477,199610,10-Mar-05
478,40109720,24-Feb-20
479,82089810,11-Jun-14
480,47265660,16-May-19
481,47280478,14-Dec-18
482,63467540,22-Jul-13
483,1520538,04-May-83
484,875967,21-Sep-89
485,1242032,07-Oct-10
486,1387985,09-Jun-04
487,252884,24-Nov-04
488,50910024,16-Feb-16
489,182233268,23-Apr-18
490,1830087,24-Jan-03
491,1000673,23-Oct-07
492,122790471,19-Mar-12
493,82201393,11-Jan-19
494,86590276,08-May-19
495,61155184,17-Nov-15
496,14123714,04-Sep-18
497,1066877,21-Jan-10
498,139649278,14-Aug-18
499,72251963,05-Feb-18
500,156928851,10-Feb-10
501,138053554,12-Aug-13
502,1918380,22-Nov-91
503,167818082,23-Apr-18
504,149064586,22-Mar-16
505,3521825,07-Sep-16
506,86368834,20-Jan-14
507,28619795,26-Mar-18
508,1117405,13-Jul-89
509,102466275,08-Sep-11
510,46514517,14-May-19
511,998978,14-Dec-10
512,18273157,17-Apr-17
513,131238964,19-May-20
514,22466051,07-Feb-17
515,67322213,25-Sep-13
516,1863641,27-Jan-95
517,182225619,03-May-18
518,1859293,28-Oct-96
519,126942623,18-Feb-19
520,1186623,18-Sep-08
521,92921,03-Nov-92
522,51170835,03-Jun-16
523,255835,19-Apr-19
524,979716,05-Jan-07
525,1575917,04-Sep-89
526,62549836,10-Dec-14
527,184254528,07-Oct-16
528,63996750,23-Aug-16
529,87710388,11-Sep-12
530,138503877,07-May-14
531,1163016,14-Aug-07
532,167264168,20-Feb-18
533,1299151,06-Nov-07
534,1977090,11-Mar-91
535,251686,19-Nov-82
536,1595125,16-Aug-10
537,1718419,15-Mar-10
538,120015462,31-Jan-14
539,126095918,31-Aug-15
540,123693681,26-Dec-12
541,144218125,22-Oct-19
542,29322105,31-Dec-19
543,1967396,11-Oct-11
544,115226342,06-Dec-17
545,75816080,24-Feb-20
546,258917,22-Jul-08
547,1750888,30-Jun-04
548,1487611,26-Nov-07
549,173728,06-Apr-93
550,13670760,06-Jan-17
551,116790806,28-Mar-14
552,117909856,28-Nov-17
553,67233224,06-Dec-13
554,74002312,14-Dec-17
555,127313,21-Mar-02
556,145682609,08-Nov-11
557,107759594,17-May-12
558,51536758,02-Jul-15
559,551072,19-Feb-09
560,710418,12-Dec-08
561,126065948,14-Dec-11
562,123551693,26-Sep-03
563,9177850,01-Apr-14
564,90919990,31-Jan-13
565,4367503,26-Jul-18
566,1026316,26-Sep-05
567,66136848,20-Aug-10
568,500491,21-Apr-92
569,133433849,08-Aug-13
570,6913940,10-Dec-19
571,177021142,13-Feb-19
572,1321127,07-Oct-08
573,105249116,30-Jul-18
574,87837698,22-Jan-18
575,66588558,02-Dec-14
576,754186,22-Mar-99
577,1339065,12-Aug-09
578,33343147,06-Sep-19
579,138367568,26-Dec-12
580,159039727,08-May-18
581,133898370,18-Nov-19
582,946037,16-Mar-01
583,1854706,12-Nov-07
584,16289546,16-Nov-15
585,188942113,09-Jun-11
586,103140438,07-Oct-16
587,176656447,23-Sep-19
588,91099,09-Feb-07
589,59227450,29-Sep-16
590,10484767,30-Sep-10
591,162153750,19-Jul-16
592,68700612,19-Feb-13
593,1099579,02-Jul-08
594,14917249,13-Nov-18
595,1271617,19-Dec-96
596,188700046,06-Dec-13
597,196999,01-Feb-07
598,29974386,24-Feb-15
599,191154033,19-Jan-17
600,123583503,27-Oct-15
601,132359343,11-May-18
602,1900138,10-Jan-11
603,48945721,07-Oct-16
604,135723482,01-Apr-20
605,55329102,11-Mar-15
606,164215046,23-Apr-15
607,20430135,08-Jan-20
608,156821770,11-Feb-15
609,189612976,08-Nov-18
610,161901835,18-Dec-16
611,42642048,27-Apr-18
612,131061770,20-Nov-18
613,37669325,20-Mar-18
614,5787869,12-Jan-17
615,92409418,25-Apr-11
616,69132800,15-Feb-17
617,68098,24-Sep-08
618,135152586,18-Mar-13
619,70663446,04-Sep-19
620,57050012,25-Mar-19
621,180404576,03-Dec-19
622,759406,28-Jul-10
623,11626,30-Sep-88
624,117868756,19-Jul-11
625,664725,08-Aug-01
626,922538,31-Oct-08
627,87615822,05-Aug-16
628,9756773,16-Jul-18
629,94923135,27-Jan-12
630,362894,22-Jul-98
631,586071,03-Aug-10
632,127046880,09-Apr-13
633,11994158,02-May-19
634,57275293,26-Dec-12
635,112360781,02-Aug-19
636,185808,24-Jan-86
637,132117955,06-Sep-13
638,1637420,30-Oct-02
639,186075,29-Sep-06
640,161340604,01-Nov-13
641,123860596,10-Aug-15
642,159046429,13-Nov-14
643,149632739,16-Oct-14
644,25258,18-Apr-95
645,1065363,09-Jan-97
646,82754866,11-Sep-12
647,1388400,04-Aug-10
648,1719198,05-Aug-09
649,156290728,19-Nov-19
650,7912648,27-Jun-19
651,93254244,23-Dec-09
652,14406,24-Aug-04
653,86711011,29-Sep-16
654,43811250,22-Oct-19
655,113942181,20-Sep-12
656,165225831,05-Dec-17
657,9814484,14-Nov-18
658,72923507,26-Dec-12
659,1314958,02-Jul-01
660,160831025,02-Aug-17
661,113119677,12-Jul-11
662,13537505,04-Oct-18
663,1849002,29-Apr-94
664,2806990,01-Sep-17
665,463266,30-May-97
666,146960269,07-Dec-17
667,144466989,29-Sep-16
668,156167610,17-Apr-17
669,330279,05-May-95
670,1363767,22-Jul-91
671,60055340,08-Feb-12
672,885425,06-Aug-87
673,25001391,14-Jun-11
674,166876296,15-Nov-11
675,14786988,07-Oct-16
676,12348374,03-Dec-14
677,143772474,22-Aug-19
678,73185721,28-May-20
679,1792452,19-Sep-08
680,25384032,09-Jan-14
681,134692170,17-May-17
682,1191661,21-Feb-07
683,177954677,13-Nov-18
684,324892,02-Aug-02
685,47239023,20-Feb-13
686,81091491,22-Jun-16
687,1590470,01-Sep-99
688,171594204,15-Feb-17
689,160461584,17-Dec-09
690,99295005,14-May-13
691,183878290,23-Jan-18
692,154188161,08-Aug-13
693,130098986,11-Jan-19
694,271510,15-Jun-06
695,98303609,10-Jul-14
696,9814805,30-May-18
697,23048804,22-May-12
698,716041,13-Sep-07
699,58003943,13-Mar-14
700,196893265,06-Dec-13
701,985034,02-Mar-07
702,420149,27-May-88
703,197914504,24-Oct-13
704,37761444,31-Aug-18
705,96327127,20-Aug-10
706,1964045,15-Nov-02
707,176687366,02-Apr-14
708,162917990,25-Nov-19
709,69486353,02-Sep-16
710,172658265,19-Jul-16
711,1416566,21-Jul-92
712,121579361,14-Dec-15
713,159411520,22-Jan-15
714,191597707,06-Jul-12
715,403966,15-Jul-09
716,178566076,26-Nov-15
717,310600,08-Feb-06
718,1741514,18-Jun-03
719,65794558,19-Sep-18
720,139108441,24-Jul-13
721,605517,11-Dec-08
722,63428441,05-Jan-18
723,89757253,06-May-16
724,20973217,11-Dec-18
725,175692890,18-Aug-15
726,1146608,05-Jan-01
727,192715669,09-Jan-20
728,128855672,28-May-09
729,145027611,18-Jun-18
730,883393,20-Dec-10
731,139299249,30-Jul-14
732,193472,10-Dec-03
733,82952267,01-Jul-09
734,1263420,30-Nov-89
735,225220,15-Dec-08
736,337598,15-Jul-08
737,64125650,11-Nov-13
738,14620823,28-Feb-20
739,2170300,26-Dec-12
740,458726,04-Jan-02
741,1959505,08-Oct-90
742,87049238,05-Oct-06
743,78176413,06-Sep-18
744,79492089,05-Mar-14
745,79920506,18-May-17
746,133931,31-Jul-97
747,64368976,20-Aug-10
748,121617901,04-Aug-15
749,66997693,04-Apr-14
750,163873624,03-Jul-15
751,153173763,28-Sep-16
752,1609685,21-Apr-95
753,116693208,20-Aug-10
754,127517806,26-Sep-18
755,165424743,08-Nov-18
756,88565583,29-Sep-16
757,2652975,22-Jul-19
758,85351202,06-Aug-20
759,87829727,20-Jun-16
760,427985,19-Feb-08
761,117289694,30-Mar-12
762,1147741,16-Nov-00
763,174133749,27-Jul-17
764,118223514,09-Oct-18
765,70366250,16-May-12
766,10855991,16-Mar-18
767,590436,28-Jul-10
768,32655465,20-Aug-10
769,152489252,07-Jul-17
770,1630810,05-Oct-07
771,1061913,29-Sep-97
772,57207301,05-Aug-02
773,1561164,20-Oct-04
774,180525958,15-Nov-18
775,71074317,23-Aug-11
776,15191752,29-Sep-16
777,69737342,25-Apr-18
778,147190701,05-May-15
779,99615583,16-Mar-18
780,180957084,
781,18120523,31-Jul-18
782,1879856,30-Mar-06
783,196438984,01-Nov-12
784,169953050,23-Sep-14
785,187118987,25-Sep-17
786,32540573,02-Apr-18
787,158850650,17-Sep-13
788,13337881,01-Mar-12
789,38456929,23-Aug-17
790,305801,28-Oct-91
791,76503327,28-Jun-18
792,27073389,29-Apr-14
793,199426007,19-Aug-09
794,106824304,29-Sep-16
795,966727,24-Sep-91
796,16278837,06-May-14
797,66789370,19-Mar-10
798,63422115,20-Dec-07
799,137232163,04-Sep-13
800,446472,12-Dec-90
801,77092883,17-May-12
802,156801337,19-Jan-17
803,151107929,11-Apr-17
804,50797257,19-Jul-16
805,103052158,11-Apr-19
806,1880679,30-Sep-94
807,1177845,21-Jan-10
808,229695,15-Sep-09
809,9792959,20-Jul-10
810,162654983,13-Feb-14
811,982490,22-Dec-94
812,162923872,05-Jan-18
813,929541,18-Jul-05
814,833338,29-Oct-08
815,140200814,16-Feb-18
816,152380641,04-Sep-13
817,139712547,31-May-19
818,126120275,02-Feb-12
819,1762953,10-Apr-89
820,61443145,20-Dec-13
821,30407411,22-Aug-14
822,24762939,27-Mar-18
823,1774031,24-Nov-03
824,892614,27-Feb-89
825,168174727,28-Jun-18
826,120225068,01-Aug-17
827,64417330,29-Sep-16
828,105455303,16-Dec-14
829,1599374,17-Feb-86
830,32429579,05-Jan-18
831,47295425,24-Apr-17
832,142395959,12-Aug-09
833,97140779,17-Jul-19
834,86955585,12-Jul-11
835,75388051,18-Feb-14
836,153142339,11-Jan-13
837,170144098,01-Aug-19
838,155383511,05-Aug-14
839,133678227,24-Sep-18
840,79933424,22-Jul-20
841,131511238,21-Aug-13
842,935950,02-Sep-08
843,97997321,15-Jun-20
844,178757236,28-Sep-16
845,44793352,16-Nov-18
846,1888504,09-Dec-99
847,119830025,06-May-14
848,99100166,01-Aug-11
849,180615843,24-Nov-16
850,51040693,29-Sep-16
851,110375662,04-Sep-18
852,84115,04-Mar-94
853,1354109,07-Sep-92
854,46758609,26-Dec-12
855,477125,30-May-03
856,101955042,27-Feb-20
857,196260292,31-Jul-19
858,111274258,05-Jan-18
859,132164192,11-May-17
860,144627006,19-Mar-14
861,141236485,08-Feb-16
862,166750076,27-Jul-17
863,1977444,26-Jul-10
864,83048908,13-Mar-18
865,639961,13-Aug-09
866,62368215,25-Apr-17
867,32733852,01-Jul-14
868,198112874,15-Apr-19
869,20505733,30-Sep-11
870,25784489,12-Apr-19
871,191030133,12-Apr-19
872,154006969,13-Dec-01
873,43383463,30-Aug-19
874,11366522,08-Jul-15
875,181416866,07-Nov-14
876,80768442,29-Sep-16
877,12219745,10-Jul-14
878,1900080,11-Aug-10
879,1904350,18-Sep-03
880,188384558,29-Oct-19
881,1111195,06-Nov-92
882,81885870,21-Nov-18
883,176523849,12-Dec-18
884,184541051,08-Jun-18
885,77233069,11-Jul-08
886,132685422,09-Sep-20
887,910564,16-Oct-89
888,1558646,30-Jul-88
889,76601092,19-Apr-12
890,177030477,24-Oct-13
891,1304585,29-Jan-10
892,1335907,05-Nov-99
893,85034904,05-Jan-18
894,185940089,10-Apr-19
895,81862089,29-Sep-16
896,44875846,28-Aug-19
897,91407757,17-Jun-19
898,154680664,29-Sep-16
899,103726469,15-Apr-10
900,135568541,17-Apr-18
901,152754710,05-Sep-12
902,1629216,28-May-09
903,966664,04-Sep-06
904,97809158,29-Nov-17
905,129487459,05-Sep-19
906,14748309,14-Jul-17
907,52796551,30-Nov-18
908,198111315,22-Sep-14
909,17100922,06-Sep-18
910,181757428,03-May-12
911,1689289,02-Mar-81
912,186010010,19-Apr-11
913,137288188,05-Jan-18
914,123698942,21-Jan-13
915,95445839,01-May-17
916,768255,19-Apr-96
917,1551683,22-Aug-03
918,100248025,18-Feb-14
919,76789066,19-Nov-13
920,85162655,11-Mar-14
921,1744403,05-Jun-96
922,705918,20-Aug-97
923,1804613,25-Jan-91
924,38812548,22-Jul-11
925,74963475,17-Aug-16
926,29219233,16-Jan-18
927,110813550,24-Mar-15
928,483754,04-Aug-10
929,47918919,17-Aug-20
930,147832012,16-Apr-18
931,1408878,08-Nov-01
932,174067528,14-Nov-19
933,22480467,20-Apr-11
934,756099,31-Jul-07
935,1297422,25-Nov-04
936,90883573,17-Jul-15
937,784303,01-Dec-09
938,25225751,09-Mar-11
939,147358603,23-Aug-18
940,53445616,16-Apr-19
941,23213343,16-Aug-13
942,35454161,23-May-13
943,193195804,26-May-14
944,98864672,12-May-00
945,74433036,22-Sep-16
946,2810522,
947,827110,11-Jan-08
948,93541130,06-Dec-13
949,1584533,01-Sep-98
950,961130,08-Oct-02
951,127152403,10-Sep-14
952,19546395,14-Jul-16
953,170584860,22-Jul-15
954,1323472,22-Jul-05
955,26352158,02-Apr-13
956,172172009,22-May-08
957,704409,29-Nov-96
958,25728337,15-Nov-17
959,32179467,09-Oct-18
960,52266269,08-Dec-17
961,110872046,02-Feb-12
962,4097584,10-Jun-13
963,143069297,01-Aug-16
964,197353007,14-Mar-12
965,5223512,27-Jul-12
966,1419122,23-Apr-96
967,56095455,04-May-17
968,11474653,20-Oct-16
969,87184489,28-Jun-11
970,94997470,15-Feb-17
971,78997174,30-Jul-14
972,95394972,17-Oct-12
973,199641289,02-Dec-19
974,20875097,09-Jan-14
975,53698053,26-Dec-12
976,68722871,05-Jul-12
977,69425638,17-Sep-18
978,52170358,29-Sep-16
979,23564442,26-Feb-15
980,67366462,29-Sep-16
981,17192206,26-Dec-12
982,116320706,02-Aug-18
983,87963724,21-Jan-19
984,1217020,25-Sep-95
985,356130,26-Feb-10
986,666476,19-Aug-03
987,1664729,04-Dec-98
988,45508,13-Aug-90
989,108617602,16-Mar-18
990,14702118,11-Apr-12
991,31703540,18-Nov-13
992,161756265,20-Jun-08
993,88050608,27-May-14
994,103068119,18-Jul-18
995,166774386,15-Feb-12
996,566660,03-Dec-09
997,96009520,01-Jul-13
998,20978343,02-Jul-18
999,118934089,29-Sep-16
1000,119345590,09-Aug-18
1001,130762594,05-Feb-14
1002,107877984,30-Sep-19
1003,122754834,04-Sep-19
1004,128297408,30-Jan-15
1005,23692238,26-Aug-20
1006,24647569,01-Apr-19
1007,66140373,23-May-17
1008,1936596,08-Apr-92
1009,54138425,22-Jan-18
1010,1064806,07-Apr-00
1011,1791413,10-Aug-09
1012,192082219,02-Jul-18
1013,11036933,18-Dec-17
1014,573237,20-Jun-05
1015,5066604,12-Apr-18
1016,836201,31-Mar-04
1017,64593783,18-May-17
1018,143979185,22-Jul-20
1019,125032519,26-Dec-12
1020,86056089,26-Apr-17
1021,1624143,31-Aug-10
1022,64454742,30-Jan-15
1023,152659831,08-Aug-18
1024,194862167,09-Nov-18
1025,129479302,13-Aug-15
1026,47179880,06-Dec-13
1027,1836240,11-Apr-89
1028,1052896,23-Sep-99
1029,837363,01-Jun-05
1030,161138924,10-Mar-17
1031,149332093,05-Feb-20
1032,26227504,01-Feb-16
1033,47930984,25-Jun-12
1034,1911635,17-Feb-89
1035,108751392,19-Sep-18
1036,38553723,23-Sep-11
1037,62483167,10-Feb-14
1038,24884060,25-Jan-19
1039,132277951,28-Apr-16
1040,129858139,06-Oct-17
1041,126969748,29-Sep-15
1042,177557082,02-Apr-19
1043,182450041,31-Jul-13
1044,157105877,19-Dec-96
1045,59643,05-Jan-09
1046,625579,22-Oct-91
1047,1488508,22-Jul-08
1048,236227,27-Jan-10
1049,1012351,04-Jan-08
1050,87853562,11-Jun-15
1051,127243948,06-Dec-13
1052,46147204,19-Jul-10
1053,65602663,06-Jan-20
1054,381893,15-Nov-11
1055,156061907,25-Apr-17
1056,133371108,30-May-14
1057,75738427,22-Aug-17
1058,631171,17-Apr-03
1059,48654523,28-Nov-13
1060,187940103,05-Feb-16
1061,11264522,30-Nov-18
1062,80193246,02-Sep-13
1063,1853050,13-Jul-89
1064,182872964,11-Jul-12
1065,126156533,25-Jun-18
1066,32042344,10-Apr-15
1067,53669032,29-Sep-16
1068,125843179,28-Nov-19
1069,142330066,31-Oct-13
1070,1833251,21-Jun-01
1071,116553722,09-Feb-12
1072,481921,04-Apr-02
1073,190551211,11-Dec-13
1074,173713,13-Oct-05
1075,168653106,05-Jan-18
1076,1686040,25-Jun-04
1077,30602574,28-Feb-20
1078,99507406,04-May-20
1079,96205536,20-Aug-10
1080,154271629,09-Jan-14
1081,103977177,18-Jun-19
1082,183827165,22-Nov-18
1083,90380231,06-Feb-12
1084,77954361,03-Mar-14
1085,5270371,09-Sep-14
1086,93164753,16-Mar-18
1087,192472329,22-Jan-18
1088,75557918,31-May-12
1089,998412,22-Feb-07
1090,67733,05-Jan-99
1091,88008777,12-Jan-17
1092,249859,14-Aug-96
1093,358782,19-Oct-06
1094,1399094,01-Apr-91
1095,1595049,03-Feb-10
1096,188165880,24-Apr-14
1097,148453954,17-May-18
1098,681243,25-Jun-04
1099,186394066,20-May-16
1100,96940904,08-May-18
1101,153173895,05-Jan-18
1102,1960462,15-Nov-11
1103,134245478,30-Jul-18
1104,174733991,23-Dec-11
1105,94215266,20-May-16
1106,1766908,17-Jul-01
1107,1455754,24-Oct-11
1108,195404610,10-Sep-14
1109,34629308,28-Jun-19
1110,862503,12-Jan-07
1111,70879372,28-Feb-20
1112,161612863,31-Oct-17
1113,6130620,24-Jul-14
1114,111294,12-May-00
1115,81767104,21-Jun-18
1116,170353385,18-Dec-14
1117,120091789,25-Aug-20
1118,1840800,07-Jul-11
1119,63537393,12-Oct-18
1120,143192920,18-Nov-14
1121,21877047,10-May-13
1122,180238080,05-Dec-11
1123,131776868,08-Apr-13
1124,85548806,06-Oct-16
1125,32248025,15-May-09
1126,182986926,15-Mar-13
1127,176989564,11-Apr-14
1128,78475202,25-Jan-18
1129,1726270,26-Aug-92
1130,279982,23-Feb-98
1131,1756929,19-Nov-08
1132,51000896,29-Nov-13
1133,195826749,27-Mar-18
1134,104597381,30-Jul-18
1135,72785466,11-Jan-17
1136,46758058,28-Jan-19
1137,1949773,23-Aug-01
1138,1609095,14-Aug-02
1139,1830989,12-Jul-02
1140,55800711,04-Sep-12
1141,104294241,08-Sep-20
1142,27783301,26-Dec-12
1143,167859430,03-Apr-19
1144,668312,20-Oct-09
1145,120646079,25-Sep-14
1146,180178,03-Dec-10
1147,573879,13-Jul-10
1148,117357034,02-Feb-16
1149,65207052,20-Jul-10
1150,63032754,14-Nov-11
1151,92770246,27-Nov-13
1152,171945998,15-Dec-17
1153,190667650,21-Sep-15
1154,74251455,12-Jul-18
1155,170251233,09-May-16
1156,40817424,07-Dec-13
1157,129212980,11-Apr-12
1158,122743435,14-Dec-17
1159,134478747,13-Nov-18
1160,131538726,29-Jun-16
1161,106385639,19-Dec-14
1162,26837360,18-Mar-13
1163,111883506,01-May-14
1164,52041155,28-Jan-19
1165,103022146,17-Jul-14
1166,38323407,04-Jan-18
1167,74482454,16-Mar-05
1168,1280200,26-Sep-97
1169,59067570,02-Apr-13
1170,101267305,29-Sep-89
1171,17806873,26-Oct-18
1172,128084606,04-Oct-18
1173,17985376,14-Jun-16
1174,180446000,10-Jan-20
1175,131497,10-Mar-03
1176,165403284,16-Mar-18
1177,19822159,09-Dec-11
1178,165250251,24-Dec-14
1179,8470685,28-Jan-15
1180,147876926,19-May-16
1181,1840251,13-Apr-10
1182,687725,04-Dec-95
1183,196084794,09-Jul-09
1184,108610026,29-Sep-16
1185,1651434,21-Apr-09
1186,297408,31-Aug-07
1187,84820886,05-Dec-16
1188,29517472,06-Jan-20
1189,183778588,16-Nov-15
1190,61076141,03-May-16
1191,21685174,03-Nov-08
1192,1856078,02-Sep-09
1193,153664998,19-Jan-12
1194,188543368,28-Mar-17
1195,72638631,02-Feb-12
1196,74789860,18-Mar-13
1197,1866173,03-Oct-08
1198,25893656,29-Nov-19
1199,175783945,10-May-16
1200,77543974,10-Sep-18
1201,91997856,24-Apr-17
1202,833914,16-Sep-94
1203,55271601,07-Oct-16
1204,309722,29-May-08
1205,1151324,16-Aug-01
1206,17683492,15-May-19
1207,193292,21-Sep-99
1208,75366695,15-Jul-15
1209,16342065,12-Apr-10
1210,93280239,17-Mar-16
1211,17306242,12-Jan-17
1212,1419495,17-Aug-04
1213,79566059,26-Dec-12
1214,736647,30-Nov-05
1215,53555068,19-Sep-17
1216,35399755,03-Jan-12
1217,652837,21-Jan-10
1218,190302602,19-Sep-16
1219,902653,28-May-02
1220,188585546,08-Aug-13
1221,1355056,08-Jul-10
1222,8441961,21-Jul-17
1223,154245259,29-Sep-16
1224,835465,16-Jan-90
1225,157710569,20-Aug-15
1226,300473,07-Jul-97
1227,31212065,25-Jul-16
1228,114063189,03-Jul-13
1229,154767296,05-Apr-18
1230,37063633,25-Aug-05
1231,133192897,24-Jul-14
1232,53532996,09-Sep-14
1233,154534231,27-Jun-11
1234,117916882,04-Jun-19
1235,108608330,06-Feb-17
1236,1614827,16-Dec-92
1237,1859155,29-Oct-09
1238,104506718,09-Sep-15
1239,53159,15-Jan-10
1240,55556599,17-Nov-14
1241,332602,17-Apr-07
1242,55381554,09-Apr-15
1243,1462051,14-Nov-11
1244,120363701,29-Sep-16
1245,70370695,30-Aug-12
1246,114703846,29-Oct-18
1247,113669688,08-Aug-13
1248,47207146,12-Sep-17
1249,1693964,14-Aug-07
1250,63480,11-Aug-86
1251,12066164,08-Mar-18
1252,1849811,16-Nov-05
1253,1601226,15-Dec-05
1254,44724953,29-Sep-16
1255,52350192,22-Dec-14
1256,189053001,17-May-12
1257,163466969,25-Nov-16
1258,184429687,21-Jan-20
1259,25073400,10-Dec-18
1260,45458986,10-Feb-12
1261,84806619,20-May-19
1262,574616,27-Nov-08
1263,86054,23-Nov-94
1264,72535257,13-Jan-12
1265,92635066,24-Apr-15
1266,41208307,26-Dec-12
1267,84176033,15-Dec-15
1268,190500931,26-Dec-12
1269,158459649,17-Aug-18
1270,897552,08-Nov-93
1271,38903863,29-Sep-16
1272,109825778,08-Sep-15
1273,184357917,28-Aug-18
1274,812855,22-Sep-08
1275,62389064,03-Jan-18
1276,292774,28-Jan-83
1277,181167353,10-Nov-17
1278,866964,16-Nov-10
1279,39904378,20-Feb-20
1280,1671370,01-Aug-94
1281,97820732,20-Dec-12
1282,135747368,28-May-20
1283,79266848,07-Aug-12
1284,1161634,10-Mar-03
1285,8182664,28-Oct-19
1286,175997891,23-Sep-99
1287,12103066,13-Feb-19
1288,76468662,23-Mar-17
1289,92707890,25-Jun-15
1290,36555170,18-Oct-19
1291,20513143,29-Sep-16
1292,163084894,11-Apr-19
1293,77662830,22-Feb-18
1294,79043898,09-Oct-15
1295,145757936,26-Dec-12
1296,224511,13-Jan-98
1297,175735921,15-Nov-18
1298,185424469,09-May-18
1299,103351709,03-Jul-19
1300,146495266,10-Mar-20
1301,88035610,28-Nov-18
1302,181655274,09-May-18
1303,742198,19-Jun-09
1304,112773150,29-Sep-16
1305,157812403,28-Nov-13
1306,120125281,14-Jul-10
1307,133394313,14-Sep-12
1308,158050267,19-Nov-15
1309,16373609,03-Apr-02
1310,148371777,05-Jul-18
1311,1616199,31-May-02
1312,1347766,01-Apr-96
1313,55413041,16-Dec-16
1314,24253618,06-Sep-19
1315,828868,10-Mar-10
1316,13280316,30-Sep-13
1317,192963972,17-Nov-11
1318,1722052,21-Jan-10
1319,45210830,01-Nov-10
1320,43827944,17-May-16
1321,165680579,11-Oct-11
1322,147807303,16-Aug-17
1323,350523,07-Apr-95
1324,123185434,09-May-13
1325,162455414,05-Apr-11
1326,60137667,11-Jun-18
1327,166116268,14-Jul-14
1328,895370,27-Oct-99
1329,1834255,15-Jul-10
1330,176007543,28-Aug-20
1331,506610,31-Mar-08
1332,151760287,26-Dec-12
1333,12828292,01-May-17
1334,151797015,09-Jan-20
1335,53439863,03-May-18
1336,182164332,22-Jan-18
1337,947885,29-Jan-98
1338,115338358,18-Mar-15
1339,1956849,22-Jul-88
1340,192050071,16-Aug-17
1341,82680235,25-Jul-12
1342,179299500,15-Sep-16
1343,2584528,26-Dec-12
1344,118103272,17-Oct-11
1345,53158829,03-Nov-15
1346,1188746,08-May-09
1347,148921713,05-Feb-20
1348,73901774,11-Dec-17
1349,1950918,07-Dec-05
1350,78426045,20-Aug-10
1351,73525616,02-Aug-19
1352,29802203,13-Sep-07
1353,79712047,05-Jan-18
1354,133747031,26-Dec-12
1355,110462431,15-Jul-13
1356,188536140,17-Aug-18
1357,47450630,16-Jun-16
1358,23271941,18-Dec-19
1359,165160043,24-Jul-19
1360,49778212,23-Jul-13
1361,70165142,23-Feb-17
1362,38057431,26-Dec-12
1363,1351942,29-Apr-99
1364,57379038,05-Jan-07
1365,362737,05-Aug-08
1366,155244240,24-Aug-18
1367,136515197,09-Aug-17
1368,136049840,07-Oct-16
1369,13144859,06-Dec-13
1370,58637463,26-May-14
1371,180218010,16-Oct-14
1372,177731796,09-May-18
1373,36208890,03-May-17
1374,1217298,21-Jan-10
1375,6258348,09-Apr-19
1376,88112025,07-Feb-19
1377,946736,01-Mar-89
1378,44607209,09-Jul-18
1379,122239350,04-Apr-16
1380,100530672,27-Apr-16
1381,125315986,24-Feb-14
1382,130235939,06-Jun-18
1383,180907324,26-Apr-19
1384,10145965,01-Apr-14
1385,114439938,25-Jan-18
1386,187517558,30-Jul-10
1387,142984883,29-Sep-16
1388,94486332,18-Jul-13
1389,611996,15-Jan-96
1390,100615889,06-Dec-13
1391,85932788,13-Mar-13
1392,45962059,10-Aug-20
1393,45712250,14-Jul-17
1394,89879974,12-Apr-19
1395,27708071,08-Aug-13
1396,161378671,18-Jul-13
1397,1436451,08-Nov-02
1398,161014889,21-Jul-15
1399,1900216,06-Feb-07
1400,13928552,29-Sep-15
1401,919253,01-Feb-07
1402,546660,02-Sep-11
1403,71181205,28-Feb-12
1404,35194501,30-Jan-15
1405,96702843,26-Dec-12
1406,170105441,29-Mar-17
1407,52331449,25-Apr-18
1408,122128158,20-Aug-10
1409,96220052,08-Aug-14
1410,133402888,25-Apr-11
1411,48376826,14-Jul-16
1412,1391456,21-Jan-10
1413,79220217,27-Sep-19
1414,1812006,05-Oct-10
1415,98537154,16-Mar-18
1416,1497240,11-Dec-08
1417,183004192,09-May-13
1418,17980402,02-Aug-18
1419,4301147,03-Feb-14
1420,158786784,16-Mar-18
1421,40272955,26-Nov-13
1422,5663228,20-Jul-10
1423,152984140,23-Feb-16
1424,507684,11-Dec-96
1425,7387509,30-Jan-19
1426,1674481,21-Jul-10
1427,150665945,19-Apr-18
1428,136191866,27-Sep-17
1429,26767367,09-Oct-12
1430,7705784,10-Apr-19
1431,1010821,18-Mar-03
1432,2989274,19-Dec-19
1433,390142,10-Jan-95
1434,119678224,24-Apr-18
1435,183629952,07-Apr-14
1436,23680175,29-Sep-16
1437,1691991,10-Mar-10
1438,63627982,06-Jan-11
1439,1911468,02-May-02
1440,540701,20-Dec-04
1441,707253,12-Jan-11
1442,131168177,31-Jul-19
1443,68731490,05-Dec-19
1444,51369925,20-Jun-17
1445,113532302,16-Jan-09
1446,59060,12-Jan-88
1447,128762618,03-May-10
1448,36418933,15-Jan-20
1449,69537775,05-Jan-18
1450,99823387,03-Aug-18
1451,199228395,26-Dec-12
1452,10671053,04-Dec-08
1453,137639424,17-Oct-19
1454,57901380,29-Sep-16
1455,652075,05-Sep-89
1456,81996733,29-Sep-16
1457,108625667,05-Jan-18
1458,536241,18-Feb-08
1459,58899192,17-May-12
1460,36707655,29-Sep-16
1461,15435449,16-Apr-19
1462,1384959,15-Jul-02
1463,138827535,21-Dec-10
1464,23040246,03-Apr-18
1465,332530,29-Sep-10
1466,139615656,18-Feb-19
1467,1149439,11-Jan-02
1468,193549766,24-Aug-18
1469,260004,26-Sep-99
1470,700054,16-Feb-01
1471,130063047,05-Jan-18
1472,165765591,20-Dec-17
1473,119617623,04-Sep-13
1474,583851,22-Nov-95
1475,14383631,31-Oct-18
1476,131351279,19-Dec-19
1477,84354912,26-Feb-20
1478,76396470,28-Jun-10
1479,592739,27-Mar-91
1480,114088547,02-Jan-19
1481,153182145,31-Jan-14
1482,77998387,10-Jan-18
1483,154262540,09-Sep-15
1484,102015009,21-Mar-02
1485,194640719,12-Apr-19
1486,116365003,13-Aug-15
1487,54922377,22-Jan-19
1488,161999,18-Jan-10
1489,5625655,11-Jul-18
1490,50797121,11-Jan-17
1491,36212788,06-Sep-17
1492,117404805,07-Dec-18
1493,69408974,18-Mar-04
1494,118538262,13-Aug-15
1495,1934103,28-Aug-96
1496,154141505,28-Jan-15
1497,108087320,10-Dec-14
1498,196635209,24-Nov-16
1499,136645322,29-Oct-18
1500,166821121,16-Mar-18
1501,194069639,10-May-96
1502,108856605,25-Apr-11
1503,1194572,26-Mar-09
1504,163300108,06-Sep-17
1505,895707,10-Mar-10
1506,598873,18-Feb-09
1507,73712709,21-Dec-13
1508,119256109,16-Dec-13
1509,43057267,13-Nov-17
1510,19660262,24-Sep-15
1511,34807453,28-Nov-17
1512,11002920,09-Aug-16
1513,46151677,21-Jan-15
1514,808027,25-Feb-81
1515,146995290,07-Jul-11
1516,93561108,29-Sep-16
1517,184092224,04-May-18
1518,89228617,12-Sep-13
1519,119552595,24-Jul-14
1520,1790132,12-Jan-10
1521,31178750,20-Jun-16
1522,73572003,17-Apr-18
1523,28603725,28-Jan-14
1524,1255094,28-Jun-01
1525,118935255,23-Nov-11
1526,37985066,11-Mar-20
1527,125442389,17-May-12
1528,147687905,15-Jan-19
1529,123168858,24-Sep-18
1530,618388,05-Aug-88
1531,114889715,30-May-11
1532,81409370,29-Jun-15
1533,144562572,11-Jun-13
1534,14743,11-Dec-95
1535,90541914,05-Jan-18
1536,123762057,16-Oct-19
1537,177428544,23-Sep-19
1538,176695908,24-Oct-13
1539,1220551,08-May-09
1540,79479542,20-Aug-15
1541,180334598,31-Jan-14
1542,112758548,22-Jan-18
1543,23416739,20-Jun-14
1544,1279749,14-Nov-11
1545,120709386,19-Oct-11
1546,4390141,04-Apr-17
1547,1356184,18-Jul-11
1548,98849330,29-Sep-16
1549,105067705,09-Jun-20
1550,1736757,24-Aug-07
1551,130166403,01-May-14
1552,182581332,20-Aug-10
1553,194500615,09-Jul-10
1554,94016479,23-May-19
1555,138587464,04-Jan-12
1556,100496508,15-Nov-19
1557,9791513,30-Nov-18
1558,1958104,02-Jul-03
1559,178291497,20-Jul-10
1560,89055905,07-Nov-16
1561,1817831,21-Jan-10
1562,84804846,29-Sep-16
1563,41974856,31-Oct-18
1564,191538953,26-Aug-13
1565,16190329,07-Oct-13
1566,128777686,20-Aug-10
1567,1406885,17-Mar-89
1568,50497427,28-Mar-11
1569,31533720,30-Jan-17
1570,566693,16-Dec-97
1571,157422071,19-Aug-13
1572,1779483,16-Aug-93
1573,194709922,24-Oct-17
1574,850424,17-Jul-07
1575,1430809,22-Jul-09
1576,115153398,13-Jun-12
1577,80482798,11-May-12
1578,15993975,17-Jul-20
1579,62013621,23-Oct-17
1580,46239786,20-Mar-15
1581,41101620,20-Dec-18
1582,90285,05-Feb-10
1583,127246534,19-Feb-19
1584,1909769,21-Mar-03
1585,1928043,18-Aug-07
1586,1383549,15-Jul-04
1587,1306257,28-Aug-09
1588,491582,06-Jul-10
1589,91291251,04-Oct-13
1590,124004110,19-Dec-18
1591,107894359,17-Oct-16
1592,1520633,13-Aug-09
1593,69600,08-Jun-07
1594,101339410,28-Aug-14
1595,45646877,22-Apr-13
1596,83105995,29-Sep-16
1597,77831889,17-Aug-11
1598,119398648,13-Mar-14
1599,51223377,11-Apr-17
1600,15612426,18-Aug-20
1601,161647773,09-Aug-12
1602,915323,06-Oct-08
1603,21790854,22-Feb-16
1604,89445128,06-Aug-20
1605,81991704,07-Oct-16
1606,141089362,29-Apr-19
1607,30715,16-Sep-11
1608,195637534,06-Feb-13
1609,103404234,19-Dec-13
1610,118328374,24-Feb-14
1611,91016040,19-May-17
1612,1313008,05-Sep-08
1613,157822563,24-Apr-17
1614,144974741,09-Apr-15
1615,187551652,13-Aug-18
1616,34606835,02-May-19
1617,196870500,30-Jan-17
1618,120548140,29-Feb-16
1619,1897590,06-Oct-10
1620,1890170,03-May-11
1621,19611749,15-Jul-16
1622,147268587,29-Apr-14
1623,148622739,14-May-19
1624,371914,11-Apr-85
1625,144886171,24-Feb-20
1626,1996203,21-Jan-11
1627,101993742,24-Jun-20
1628,1292747,17-Sep-99
1629,133569587,29-Nov-18
1630,11665682,27-Mar-17
1631,118145337,22-Feb-13
1632,47445411,26-Nov-19
1633,1054007,13-Sep-10
1634,90398911,02-Feb-12
1635,38868305,10-Aug-18
1636,169519032,01-Feb-18
1637,127264637,29-Feb-12
1638,1553120,27-May-88
1639,102860397,21-Apr-17
1640,76877304,18-Sep-18
1641,174870693,17-Dec-13
1642,49334866,25-Jun-19
1643,1320,08-Aug-06
1644,162614750,19-Sep-16
1645,1305317,12-Oct-06
1646,146122266,27-Apr-17
1647,107414355,20-Mar-14
1648,142327641,06-Dec-13
1649,120063904,01-Oct-13
1650,103037607,15-Nov-13
1651,1074833,21-Sep-05
1652,21500153,23-Aug-16
1653,583381,10-Apr-07
1654,167494,10-Oct-08
1655,50065949,06-Sep-18
1656,78162477,22-Feb-16
1657,96493315,12-Feb-13
1658,110294871,03-Jan-13
1659,109898949,12-Dec-18
1660,103339,30-Jul-01
1661,38257145,18-Sep-19
1662,51431151,06-Nov-13
1663,270118,19-Mar-04
1664,75696456,23-Jan-20
1665,154211173,21-Dec-12
1666,128860286,06-Oct-18
1667,1584414,15-May-02
1668,30148123,23-Sep-19
1669,162919450,27-Jul-18
1670,1164752,16-Apr-97
1671,4311,03-Jul-03
1672,47580776,09-May-13
1673,1489220,15-Jun-01
1674,193159076,25-Apr-19
1675,79581533,08-Oct-18
1676,142813,18-Aug-98
1677,95009034,23-Apr-18
1678,19607639,13-Sep-12
1679,726424,17-Aug-05
1680,737339,19-Jan-01
1681,118579072,03-Feb-15
1682,84689792,29-Mar-12
1683,11480052,29-Jan-19
1684,7652932,31-Mar-11
1685,180870074,
1686,1043382,05-May-00
1687,27382269,27-Apr-17
1688,1208833,15-May-09
1689,117859307,23-Nov-17
1690,432052,18-Aug-99
1691,191327927,12-Jun-18
1692,70948594,05-Jan-18
1693,101898776,26-Apr-17
1694,127440571,29-Nov-18
1695,67266309,10-Oct-18
1696,130170770,18-Jan-17
1697,51936804,11-Aug-17
1698,1144565,01-Jul-98
1699,798071,27-Mar-08
1700,86891653,27-Sep-12
1701,168683843,20-Jan-14
1702,1964392,30-Dec-96
1703,20357581,17-Dec-12
1704,36873497,24-Apr-19
1705,193909599,08-May-14
1706,1400371,02-Mar-00
1707,31894657,01-Nov-13
1708,125627600,28-Mar-17
1709,96282515,07-Oct-16
1710,1048505,06-Mar-92
1711,728482,27-Jan-10
1712,1232213,21-Aug-02
1713,162934367,13-Jun-18
1714,1650281,06-May-11
1715,50692523,27-Apr-16
1716,1643925,04-May-83
1717,69359610,28-Aug-19
1718,175846542,19-Jul-18
1719,1994023,22-Nov-95
1720,128197003,08-Apr-15
1721,56710116,26-Dec-12
1722,74202461,01-Aug-14
1723,134636309,12-May-20
1724,34885909,22-Dec-06
1725,39349887,19-Jun-17
1726,147222036,09-Mar-18
1727,87040453,26-Sep-12
1728,142249817,05-Dec-14
1729,143278179,26-Jul-12
1730,108002631,11-Dec-17
1731,153050531,29-Sep-16
1732,169882604,
1733,50260583,21-May-09
1734,49844209,06-Mar-20
1735,176524013,29-Sep-16
1736,193709442,21-Mar-09
1737,1578058,12-Jan-10
1738,157210048,13-Sep-19
1739,83894430,15-Feb-17
1740,143223081,05-Jul-18
1741,1259913,06-Feb-07
1742,155176899,11-Apr-11
1743,179179325,24-Jul-12
1744,6803941,27-Aug-18
1745,197757522,20-Aug-10
1746,39758010,08-May-19
1747,884206,15-May-92
1748,102104909,23-Mar-15
1749,38837614,09-Sep-19
1750,28021906,30-Jan-15
1751,31132233,29-Sep-16
1752,1080818,28-Aug-02
1753,1912406,11-Jul-02
1754,176664706,26-Dec-12
1755,14093650,20-Aug-10
1756,52744342,11-Jun-18
1757,122914876,11-Mar-19
1758,562905,05-May-00
1759,112618168,11-Sep-13
1760,193818104,07-Jan-10
1761,17728127,22-Jan-20
1762,158967048,25-Oct-94
1763,188561,10-Sep-99
1764,137757948,01-May-14
1765,40657214,10-Feb-12
1766,177499100,29-Aug-09
1767,764413,15-Feb-05
1768,118945452,14-Mar-14
1769,156933099,17-May-12
1770,617081,03-Dec-08
1771,141814737,26-Dec-12
1772,65760316,13-Jun-18
1773,42760596,01-Aug-11
1774,230494,06-May-10
1775,145982,04-Sep-89
1776,26795461,27-Mar-15
1777,4629724,05-Jan-18
1778,7577,16-Nov-99
1779,1251840,20-Aug-10
1780,176226478,21-Oct-19
1781,118128216,16-Jun-20
1782,140699022,18-Dec-18
1783,72565491,08-May-14
1784,65352895,26-Dec-12
1785,671609,24-Mar-98
1786,182366079,16-Jan-20
1787,73389459,06-Dec-13
1788,150237626,11-Apr-16
1789,19097861,14-Jul-20
1790,321984,27-Apr-87
1791,121544567,16-Aug-18
1792,47783722,20-Dec-18
1793,601733,26-Feb-10
1794,1211290,10-Jul-98
1795,18134737,17-Jul-14
1796,136563275,02-Feb-12
1797,1044613,02-Mar-87
1798,1966638,18-Jul-88
1799,7718,20-Mar-09
1800,151071538,09-Jul-18
1801,182731848,09-Sep-14
1802,159271779,07-Dec-16
1803,126376383,30-Nov-17
1804,21972349,09-Nov-16
1805,12965371,26-Nov-08
1806,1215255,11-Nov-08
1807,174563385,26-Dec-12
1808,850151,19-Feb-03
1809,183121375,29-Nov-13
1810,53182,29-Nov-85
1811,105782675,16-Aug-17
1812,124499018,19-Feb-13
1813,42137691,05-Jan-18
1814,148180330,09-Sep-20
1815,92482018,03-Mar-16
1816,77305325,18-Dec-18
1817,1737464,15-Apr-09
1818,706672,19-Mar-10
1819,148716088,21-Sep-17
1820,34244890,18-May-18
1821,46891632,22-Jul-20
1822,164410380,28-Feb-20
1823,783573,05-Aug-95
1824,123318862,05-Jul-12
1825,84595072,31-Aug-12
1826,100376515,08-Aug-13
1827,4620269,05-Aug-14
1828,23586469,10-Jul-13
1829,1363121,01-Aug-01
1830,81456041,17-Aug-18
1831,50726744,04-Mar-16
1832,4809762,24-Apr-19
1833,19377691,23-Apr-19
1834,10375450,26-Feb-19
1835,150624006,28-Nov-17
1836,700919,24-Aug-07
1837,511307,10-Jul-02
1838,1273177,15-May-07
1839,196174155,09-Jan-17
1840,150281655,18-Feb-14
1841,41999114,04-Jan-18
1842,130747696,08-Jul-20
1843,146493229,20-Nov-14
1844,918244,02-Apr-86
1845,144119463,11-Feb-11
1846,193639222,24-Feb-16
1847,148883561,08-Oct-18
1848,488187,01-Apr-09
1849,814727,17-Jan-02
1850,148013355,20-Mar-20
1851,80796864,02-Dec-14
1852,81960199,29-Jan-18
1853,109194030,16-Apr-13
1854,54934938,19-Jun-19
1855,967430,22-Nov-89
1856,125452592,30-Sep-13
1857,77794592,17-Jul-14
1858,20123766,26-Dec-12
1859,199155835,21-Jan-13
1860,171328714,27-May-20
1861,116459501,30-Sep-19
1862,1290195,01-Mar-89
1863,179890805,09-May-13
1864,1087371,28-Jan-10
1865,54403940,18-Nov-14
1866,182000595,21-Nov-19
1867,36948650,15-Dec-17
1868,1685761,20-Oct-09
1869,1689484,11-Dec-08
1870,122617589,07-Dec-17
1871,34469090,20-Apr-18
1872,158757455,01-Apr-14
1873,104816038,02-Dec-19
1874,8386142,08-Oct-09
1875,82959019,06-Feb-14
1876,359439,22-Sep-00
1877,58735,30-Jul-98
1878,115308268,29-Sep-16
1879,170959780,09-Oct-15
1880,193449561,20-May-14
1881,768901,16-Sep-10
1882,1019374,25-Mar-09
1883,12138430,06-Aug-14
1884,1490101,19-Sep-02
1885,126542510,08-Nov-13
1886,68986015,19-Nov-18
1887,178499987,14-Mar-12
1888,84189170,08-Mar-02
1889,82309302,22-Sep-17
1890,61336253,29-Jan-20
1891,22720820,21-Jul-11
1892,959349,22-Apr-91
1893,226800,08-Aug-08
1894,1640427,14-Oct-02
1895,118806278,18-Dec-18
1896,69171931,26-Dec-12
1897,97792257,22-Sep-17
1898,74632237,14-Jul-15
1899,1457294,21-Oct-11
1900,60505660,19-May-17
1901,52728118,24-Feb-14
1902,46096580,20-Aug-20
1903,134936575,17-May-17
1904,145930776,21-Aug-13
1905,126548811,26-Nov-10
1906,157175006,24-Jan-19
1907,49875952,03-Sep-19
1908,126029882,04-Feb-20
1909,76242256,04-Jul-19
1910,1957000,13-Jul-00
1911,9045381,02-Sep-15
1912,91378255,25-Mar-10
1913,699923,26-Oct-09
1914,1239689,15-Mar-02
1915,922503,15-Sep-95
1916,109176480,30-Aug-17
1917,1620518,07-Dec-00
1918,182172947,28-Apr-10
1919,135537443,10-Jul-12
1920,163740766,10-Jul-13
1921,1056284,07-Aug-06
1922,700245,02-Apr-03
1923,68605371,07-Aug-14
1924,145270206,28-Nov-11
1925,1341611,05-Jun-09
1926,254309,07-Sep-10
1927,1298769,29-Aug-97
1928,12651823,10-Sep-20
1929,1737988,16-Dec-09
1930,1504464,04-Feb-00
1931,196437123,01-Oct-19
1932,52842582,29-Sep-16
1933,1387855,08-Aug-96
1934,201603,12-Aug-98
1935,24591897,28-Feb-13
1936,69242469,15-Mar-19
1937,165189931,27-Sep-19
1938,873004,07-Sep-07
1939,193695,31-Jan-97
1940,116383457,15-Feb-12
1941,21490505,12-Oct-15
1942,1297396,08-May-06
1943,610391,10-Feb-10
1944,146267899,01-Apr-14
1945,1981275,18-Nov-04
1946,43821059,04-Feb-20
1947,56175842,20-Jul-18
1948,145543104,17-Sep-19
1949,184562527,27-Mar-17
1950,87631440,04-Jul-13
1951,197497057,30-Apr-13
1952,97639974,27-Jul-20
1953,120543043,19-Sep-15
1954,112244139,06-Jul-12
1955,10132618,20-Aug-10
1956,40488420,02-May-17
1957,133885279,14-Nov-19
1958,483286,26-Mar-87
1959,2135499,14-Sep-09
1960,113980920,21-Jul-20
1961,1015006,27-Oct-05
1962,1835267,07-Jan-93
1963,118634670,25-Sep-18
1964,176544295,01-Aug-11
1965,71810974,10-Aug-15
1966,48829021,07-Jan-16
1967,982460,04-Dec-08
1968,74835337,25-Apr-14
1969,137697277,19-Jul-16
1970,172064382,22-Sep-09
1971,2950441,24-Sep-14
1972,108287588,29-Sep-16
1973,144919096,11-Sep-18
1974,445202,20-Apr-11
1975,1092651,12-May-09
1976,1370294,20-Jul-01
1977,12255169,01-Aug-11
1978,155919194,14-Nov-19
1979,170581702,29-Sep-16
1980,112278980,13-Aug-13
1981,429074,10-Aug-00
1982,122861477,04-Sep-13
1983,196587465,19-Jan-18
1984,1598039,26-Jun-08
1985,193151,27-Nov-06
1986,76735583,30-Jul-19
1987,160375359,26-Sep-19
1988,124217396,27-Jul-09
1989,93683001,05-Apr-04
1990,229797,13-Oct-00
1991,57658918,02-May-18
1992,7400174,14-Mar-19
1993,144682935,15-Jul-11
1994,71938084,26-Dec-12
1995,1986903,16-Nov-04
1996,39367332,22-Jul-19
1997,171783268,15-Feb-13
1998,1746156,07-May-03
1999,55471293,13-Mar-18
2000,4886500,04-Jan-18
2001,1992955,21-Jan-10
2002,6808274,11-Jan-19
2003,208328,30-Apr-86
2004,55354767,17-Nov-08
2005,153576863,11-Jan-19
2006,1175045,28-Jun-99
2007,70123167,18-Feb-13
2008,1604032,27-Apr-87
2009,170508192,06-Sep-12
2010,183551145,31-May-18
2011,82682614,12-Jun-13
2012,108659616,
2013,159143723,26-Dec-12
2014,102869534,12-Mar-97
2015,159437433,10-Dec-14
2016,46628196,01-Mar-12
2017,159292609,04-Dec-14
2018,170944,26-Nov-08
2019,59958653,31-May-12
2020,164570200,18-Mar-13
2021,33366533,06-Feb-19
2022,754349,21-Jan-10
2023,31716738,29-Oct-14
2024,16059052,13-Jan-20
2025,96492533,02-Sep-15
2026,50791162,19-Dec-14
2027,110554511,04-Apr-19
2028,199877251,11-Sep-17
2029,147096771,25-Aug-18
2030,22804379,09-Jan-20
2031,689690,14-Aug-07
2032,23959657,31-May-18
2033,112135177,11-Apr-19
2034,136834269,10-Oct-17
2035,121066106,16-Feb-11
2036,63784699,10-Feb-12
2037,1919353,14-Oct-99
2038,64804529,30-Mar-17
2039,192985378,20-Dec-17
2040,139282309,18-Aug-17
2041,64720306,23-Dec-14
2042,111640634,21-Nov-16
2043,180778161,29-Jan-98
2044,179377492,13-Nov-19
2045,292062,15-Jun-01
2046,62936808,06-Apr-11
2047,751514,30-May-08
2048,104659281,14-Jan-15
2049,56697688,12-Aug-13
2050,89196,10-Feb-10
2051,41631090,19-Jul-12
2052,699961,15-Feb-93
2053,938462,21-Jan-10
2054,125145426,21-Jan-19
2055,194586080,06-Feb-14
2056,511295,04-Jan-08
2057,34087980,31-Jul-12
2058,303777,07-Aug-07
2059,1488667,14-Mar-91
2060,1180700,13-Jan-95
2061,135708553,19-Mar-12
2062,1251971,28-Feb-03
2063,1442991,24-Nov-10
2064,163115376,11-Mar-20
2065,149121408,10-Dec-12
2066,1656270,09-Nov-10
2067,70038236,21-Jan-19
2068,124586823,13-Jan-14
2069,65401463,11-Nov-19
2070,181525276,07-Oct-16
2071,172303240,06-Feb-14
2072,35486051,10-Oct-12
2073,448798,15-Jun-01
2074,160224067,07-Dec-18
2075,1439296,28-Nov-85
2076,127677887,24-Apr-18
2077,198654408,04-Jan-17
2078,183191897,13-Mar-14
2079,68741866,29-Sep-16
2080,89742576,07-Nov-12
2081,196915001,09-Jan-15
2082,555724,19-Dec-96
2083,161846419,01-Mar-13
2084,1170101,19-Mar-04
2085,83777136,18-Nov-19
2086,497286,21-Jan-11
2087,1866189,02-Sep-09
2088,41299446,31-Jan-14
2089,37465671,22-Aug-17
2090,1936988,14-Aug-96
2091,36150169,30-Oct-13
2092,62233,10-Apr-01
2093,1380734,10-Oct-01
2094,69060,20-Aug-09
2095,291225,09-Dec-05
2096,5783324,10-Nov-14
2097,1331962,13-Jan-10
2098,113837851,23-Sep-14
2099,102993487,26-Dec-12
2100,177016863,27-Apr-18
2101,189106682,22-Jan-14
2102,176249711,05-Jun-13
2103,26931705,16-Mar-18
2104,89575394,25-Feb-14
2105,1208005,22-Sep-87
2106,72540978,20-Feb-18
2107,333325,29-May-08
2108,87267763,03-Sep-13
2109,87080388,31-May-17
2110,1807335,16-Nov-09
2111,185360198,01-Apr-13
2112,82716562,16-Mar-20
2113,26587365,20-Mar-13
2114,1536808,05-Sep-97
2115,1480636,12-Jul-99
2116,164708115,06-Jan-17
2117,1265913,01-Jul-04
2118,127850712,06-Dec-13
2119,1132047,11-Dec-08
2120,1852686,15-Nov-11
2121,133614175,24-Jul-18
2122,14251502,24-Aug-18
2123,875804,12-Nov-07
2124,113977,09-Apr-91
2125,16621659,18-May-12
2126,29591699,20-Aug-10
2127,77900977,01-Sep-20
2128,15058619,28-May-20
2129,40891295,29-Jul-16
2130,27558049,08-May-12
2131,71043255,28-Feb-12
2132,36268812,06-Jan-15
2133,97789737,21-Apr-17
2134,150060719,19-Dec-13
2135,136841128,03-Apr-19
2136,41901299,15-Sep-15
2137,50414699,29-Sep-16
2138,904004,07-Nov-06
2139,165226870,11-Mar-20
2140,105980588,21-Feb-19
2141,145170511,31-Jul-07
2142,78790237,17-Jul-14
2143,61437261,28-Dec-11
2144,77635414,24-Jan-20
2145,23285691,30-Jan-18
2146,187896153,13-Aug-19
2147,77714510,05-Feb-19
2148,605317,06-Feb-07
2149,117328054,12-Jan-18
2150,1130863,11-Mar-09
2151,1115822,22-Dec-06
2152,152963329,17-Nov-15
2153,23450593,04-Dec-13
2154,168172253,22-Feb-17
2155,60297472,26-Dec-12
2156,1955012,04-Dec-09
2157,128695984,19-Apr-19
2158,739627,18-Sep-07
2159,45109396,13-Mar-14
2160,35872609,13-Nov-19
2161,9900840,26-May-16
2162,60257694,12-Feb-14
2163,56743447,01-Jul-20
2164,1119043,25-Aug-89
2165,34923253,30-Jan-15
2166,1746860,12-Jan-99
2167,113471710,29-Sep-16
2168,66117851,08-Aug-17
2169,182139414,13-Mar-18
2170,191440216,19-Nov-19
2171,1777512,30-Jun-04
2172,189579322,22-Nov-19
2173,1483775,30-Jan-04
2174,176368360,06-Jan-17
2175,726462,21-Oct-11
2176,35044601,28-Nov-19
2177,176576125,18-Feb-20
2178,94226416,21-Aug-13
2179,12706526,24-Oct-12
2180,197742127,23-Jul-18
2181,4862458,02-Jun-08
2182,1615586,21-Sep-98
2183,52439180,12-Mar-15
2184,8848672,28-Jun-17
2185,85962,21-Jan-10
2186,151407307,17-May-17
2187,80177233,14-Jun-16
2188,35613647,10-Oct-19
2189,111283103,06-Dec-13
2190,455770,09-Aug-01
2191,55034019,07-Jun-13
2192,191686,28-Mar-07
2193,40806035,18-Dec-17
2194,60041573,27-Nov-12
2195,1871948,18-Mar-84
2196,71622141,01-Mar-12
2197,33550453,07-Aug-15
2198,101729460,12-Feb-14
2199,25237604,10-Jul-14
2200,197057,03-Feb-09
2201,188298713,08-Oct-09
2202,195182414,01-Sep-17
2203,1567114,22-Aug-06
2204,196734157,08-Dec-17
2205,112477707,01-Oct-14
2206,323301,05-Jul-00
2207,139582129,08-Aug-14
2208,93822771,09-May-13
2209,61574847,29-Sep-16
2210,63681352,01-Sep-09
2211,904272,20-Dec-04
2212,84703230,08-Oct-09
2213,78848376,10-Jul-14
2214,768663,11-Jul-08
2215,257468,31-Mar-93
2216,583407,29-Jan-10
2217,161555589,05-Oct-15
2218,88347937,12-Sep-13
2219,43319841,02-Jul-13
2220,140349624,12-Sep-17
2221,55338797,24-Apr-17
2222,124440354,19-Dec-19
2223,81083017,11-Aug-15
2224,173796640,24-Jun-19
2225,113933817,13-Apr-18
2226,159250328,17-Jul-14
2227,198494348,12-Feb-18
2228,53024305,20-Mar-14
2229,154843652,04-Feb-15
2230,1709298,18-Jul-05
2231,87361816,18-Aug-15
2232,170221787,11-Jul-18
2233,82086194,28-Aug-18
2234,85639029,25-Mar-10
2235,1221800,17-Mar-97
2236,138064043,18-Mar-13
2237,142275472,12-Feb-20
2238,114458082,16-May-17
2239,6120322,02-Jul-13
2240,148001974,12-Jun-13
2241,79701888,13-Jan-17
2242,21387674,05-Jan-18
2243,54045806,04-Oct-18
2244,1912893,07-Jun-99
2245,16556397,18-Dec-15
2246,1566998,22-Jan-98
2247,727061,02-Mar-98
2248,105697673,18-Jan-19
2249,75884014,15-Feb-18
2250,941721,10-Apr-98
2251,1458345,13-Jul-00
2252,159074097,11-Mar-11
2253,58635339,11-Mar-20
2254,184793278,15-Dec-10
2255,134556408,18-Sep-13
2256,175389915,21-Jun-12
2257,167493137,22-Jul-13
2258,889822,19-Aug-05
2259,94937818,02-Feb-12
2260,109068621,07-Sep-09
2261,74531997,12-Jul-13
2262,157731587,22-Mar-13
2263,1753799,09-Apr-91
2264,1966896,29-Sep-08
2265,79270506,11-Jun-20
2266,273890,27-Jun-01
2267,162701198,29-Sep-16
2268,105944689,24-Aug-09
2269,93603865,12-Apr-19
2270,154737431,06-Feb-12
2271,100525768,29-Aug-18
2272,23879602,02-Jan-13
2273,68258802,10-Aug-18
2274,58165465,02-Jul-10
2275,931314,11-Jul-94
2276,39628787,16-Mar-18
2277,176916712,24-Sep-19
2278,184198575,11-Jan-18
2279,113419,25-Sep-95
2280,5156094,18-Jul-13
2281,1035361,30-Jul-98
2282,563647,24-Jan-07
2283,122580256,01-Oct-15
2284,146793201,10-Sep-12
2285,140461154,09-Jan-14
2286,192482052,24-Jul-19
2287,692825,21-Jan-10
2288,85355910,20-Nov-15
2289,57569185,01-Sep-17
2290,1480693,04-Jan-08
2291,16700695,01-Sep-20
2292,148448834,14-Mar-19
2293,121619960,30-Jul-18
2294,154744692,13-Feb-12
2295,1344400,03-Apr-06
2296,26285531,20-Dec-18
2297,126612679,14-Aug-20
2298,7044752,04-Jul-13
2299,130003818,10-May-18
2300,102493982,18-Apr-12
2301,87526396,11-Aug-10
2302,128154278,22-Jul-20
2303,196268946,28-Aug-18
2304,11791144,
2305,70181755,20-Aug-10
2306,138893318,20-Sep-12
2307,1930411,16-Jul-07
2308,196033771,19-Jul-07
2309,1682000,18-Jun-03
2310,82271301,06-Feb-12
2311,121302520,20-Sep-12
2312,159378927,10-May-18
2313,84898350,26-Dec-12
2314,119933840,22-Apr-08
2315,121865655,08-Oct-18
2316,36822012,10-Nov-14
2317,6368402,18-Aug-10
2318,1896562,18-Mar-04
2319,781633,10-Mar-04
2320,1111328,03-Jul-03
2321,149258592,08-Dec-14
2322,37463710,30-Jun-11
2323,39022757,11-Oct-18
2324,90748325,24-Feb-20
2325,151158220,08-May-17
2326,40710410,23-Sep-08
2327,139767797,18-Jul-18
2328,1990049,21-Jul-98
2329,184104065,06-May-13
2330,14790249,07-Nov-12
2331,1711554,15-Dec-98
2332,54687,25-Jan-07
2333,156947439,05-Jan-18
2334,1927065,02-Mar-06
2335,109268,10-Jul-95
2336,21883251,11-Oct-13
2337,185366499,16-Jan-18
2338,97788919,07-Oct-16
2339,1957018,06-Jul-09
2340,1166311,09-Jun-93
2341,1468684,15-May-02
2342,168874028,29-Sep-16
2343,130295469,29-Aug-16
2344,112964655,06-Feb-19
2345,39392063,07-Oct-16
